study,finding,pa,mentioned,category
CQ500-CT-412,sdh,0.995,True,reasoning
CQ500-CT-423,iph,0.395,False,perception
CQ500-CT-211,iph,0.947,False,decoding
CQ500-CT-18,ich,0.242,False,perception
CQ500-CT-316,ich,0.632,False,decoding
CQ500-CT-400,sdh,0.961,False,decoding
CQ500-CT-419,iph,0.999,False,decoding
CQ500-CT-139,ich,0.715,False,decoding
CQ500-CT-430,iph,0.928,False,decoding
CQ500-CT-143,masseffect,0.902,False,decoding
CQ500-CT-237,masseffect,0.964,False,decoding
CQ500-CT-254,ich,0.249,False,perception
CQ500-CT-432,ich,0.788,False,decoding
CQ500-CT-118,iph,0.099,False,perception
CQ500-CT-16,calvarialfracture,0.477,False,perception
CQ500-CT-35,iph,0.77,False,decoding
CQ500-CT-28,calvarialfracture,0.98,False,decoding
CQ500-CT-303,sah,0.999,False,decoding
CQ500-CT-474,iph,0.873,False,decoding
CQ500-CT-404,sdh,0.979,False,decoding
CQ500-CT-362,calvarialfracture,0.702,False,decoding
CQ500-CT-121,ich,0.982,False,decoding
CQ500-CT-381,edh,0.961,False,decoding
CQ500-CT-66,calvarialfracture,0.93,False,decoding
CQ500-CT-215,ich,0.486,False,perception
CQ500-CT-385,iph,0.316,False,perception
CQ500-CT-203,sah,0.992,False,decoding
CQ500-CT-14,iph,0.225,False,perception
CQ500-CT-415,calvarialfracture,0.963,False,decoding
CQ500-CT-147,sah,0.82,False,decoding
CQ500-CT-247,masseffect,0.967,False,decoding
CQ500-CT-455,calvarialfracture,0.997,False,decoding
CQ500-CT-328,ich,0.815,False,decoding
CQ500-CT-239,sdh,0.998,True,reasoning
CQ500-CT-128,iph,0.742,False,decoding
CQ500-CT-186,sdh,0.963,True,reasoning
CQ500-CT-278,sdh,0.901,False,decoding
CQ500-CT-208,masseffect,0.968,False,decoding
CQ500-CT-137,edh,0.834,False,decoding
CQ500-CT-12,ich,0.919,False,decoding
CQ500-CT-238,sdh,0.995,True,reasoning
CQ500-CT-384,calvarialfracture,0.779,False,decoding
CQ500-CT-248,sdh,0.71,False,decoding
CQ500-CT-250,ich,0.294,False,perception
CQ500-CT-382,ich,0.35,False,perception
CQ500-CT-258,masseffect,0.559,False,decoding
CQ500-CT-352,iph,0.915,False,decoding
CQ500-CT-144,iph,0.986,False,decoding
