study,prose_excerpt,judge_ich,judge_iph,judge_ivh,judge_edh,judge_sah,judge_sdh,judge_calvarialfracture,judge_masseffect,judge_midlineshift,human_ich,human_iph,human_ivh,human_edh,human_sah,human_sdh,human_calvarialfracture,human_masseffect,human_midlineshift
CQ500-CT-450,Detected Study Type: CT HEAD WITHOUT CONTRAST Findings: 1. Study is unremarkable,0,0,0,0,0,0,0,0,0,,,,,,,,,
CQ500-CT-284,Detected Study Type: CT HEAD WITHOUT CONTRAST Findings: 1. Bilateral subdural hygromas,0,0,0,0,0,0,0,0,0,,,,,,,,,
CQ500-CT-237,"Detected Study Type: CT CHEST, ABDOMEN AND PELVIS WITH IV CONTRAST Findings: 1. Mildly dilated left renal collecting system and proximal ureter with mild wall thickening, concerning for left ureteropelvic junction (UPJ) obstruction 2. Mild prominence of the left adrenal gland 3. Small left pleural effusion",0,0,0,0,0,0,0,0,0,,,,,,,,,
CQ500-CT-226,Detected Study Type: CT HEAD WITHOUT CONTRAST Findings: 1. Acute hemorrhage in the left basal ganglia 2. Surrounding vasogenic edema 3. Mild mass effect on the left lateral ventricle,1,1,0,0,0,0,0,1,0,,,,,,,,,
CQ500-CT-4,Detected Study Type: CT HEAD WITHOUT CONTRAST Findings: 1. Large intraparenchymal hemorrhage in the left frontal lobe 2. Surrounding vasogenic edema 3. Midline shift to the right 4. Subfalcine herniation 5. Effacement of the left lateral ventricle,1,1,0,0,0,0,0,1,1,,,,,,,,,
CQ500-CT-256,Detected Study Type: CT HEAD WITHOUT CONTRAST Findings: 1. Acute intraparenchymal hemorrhage in the right occipital lobe 2. Surrounding vasogenic edema 3. Mass effect on the right lateral ventricle,1,1,0,0,0,0,0,1,0,,,,,,,,,
CQ500-CT-478,Detected Study Type: CT HEAD WITHOUT CONTRAST Findings: 1. Study is unremarkable.,0,0,0,0,0,0,0,0,0,,,,,,,,,
CQ500-CT-183,Detected Study Type: CT HEAD WITHOUT AND WITH CONTRAST Findings: 1. Heterogeneously enhancing mass centered in the left basal ganglia with extension into the left frontal lobe and left temporal lobe 2. Extensive surrounding vasogenic edema 3. Midline shift to the right 4. Effacement of the frontal horns of the lateral ventricles and third ventricle 5. Mild dilatation of the right lateral ventricle,0,0,0,0,0,0,0,1,1,,,,,,,,,
CQ500-CT-319,"Detected Study Type: CT HEAD WITHOUT CONTRAST Findings: 1. Large wedge-shaped area of low attenuation in the right occipital lobe with loss of gray-white matter differentiation, consistent with right PCA territory infarct. 2. Patchy low attenuation areas in the left frontal lobe white matter, likely chronic microvascular ischemic changes. 3. Extensive opacification of bilateral maxillary sinuses, ethmoid air cells, and sphenoid sinuses with air-fluid levels, suggestive of acute sinusitis.",0,0,0,0,0,0,0,0,0,,,,,,,,,
CQ500-CT-356,Detected Study Type: CT HEAD WITHOUT CONTRAST Findings: 1. Study is unremarkable,0,0,0,0,0,0,0,0,0,,,,,,,,,
CQ500-CT-483,Detected Study Type: CT HEAD WITHOUT CONTRAST Findings: 1. Diffuse brain volume loss with prominence of the ventricular system and sulcal spaces,0,0,0,0,0,0,0,0,0,,,,,,,,,
CQ500-CT-50,"Detected Study Type: CT HEAD WITHOUT CONTRAST Findings: 1. Diffuse generalized brain volume loss 2. Numerous punctate, patchy, and confluent low-attenuation areas in bilateral cerebral white matter, likely representing chronic microvascular ischemia",0,0,0,0,0,0,0,0,0,,,,,,,,,
CQ500-CT-262,Detected Study Type: CT HEAD WITHOUT CONTRAST Findings: 1. Study is unremarkable.,0,0,0,0,0,0,0,0,0,,,,,,,,,
CQ500-CT-286,Detected Study Type: CT HEAD WITHOUT CONTRAST Findings: 1. Study is unremarkable.,0,0,0,0,0,0,0,0,0,,,,,,,,,
CQ500-CT-420,"Detected Study Type: CT HEAD WITHOUT CONTRAST Findings: 1. Large intraparenchymal hemorrhage in the right parieto-occipital lobe with extensive surrounding vasogenic edema 2. Intraventricular extension of hemorrhage into the lateral, third, and fourth ventricles 3. Midline shift to the left with subfalcine herniation 4. Compression of the right lateral ventricle and dilatation of the left lateral and third ventricles",1,1,1,0,0,0,0,1,1,,,,,,,,,
CQ500-CT-193,Detected Study Type: CT HEAD WITHOUT CONTRAST Findings: 1. Encephalomalacia in the left frontal lobe,0,0,0,0,0,0,0,0,0,,,,,,,,,
CQ500-CT-317,Detected Study Type: CT HEAD WITHOUT CONTRAST Findings: 1. Study is unremarkable.,0,0,0,0,0,0,0,0,0,,,,,,,,,
CQ500-CT-178,Detected Study Type: CT HEAD WITHOUT CONTRAST Findings: 1. Study is unremarkable.,0,0,0,0,0,0,0,0,0,,,,,,,,,
CQ500-CT-174,"Detected Study Type: CT HEAD WITHOUT CONTRAST Findings: 1. Large area of vasogenic edema in the right parietal lobe with sulcal effacement and mild mass effect on the right lateral ventricle. 2. Hypodense lesion in the left cerebellar hemisphere, likely a lacunar infarct. 3. Patchy foci of hypodensity in a periventricular white matter distribution bilaterally, likely chronic ischemic demyelination. 4. Atherosclerotic calcification in the vertebral arteries and carotid siphons.",0,0,0,0,0,0,0,1,0,,,,,,,,,
CQ500-CT-430,Detected Study Type: CT HEAD WITHOUT CONTRAST Findings: 1. Study is unremarkable,0,0,0,0,0,0,0,0,0,,,,,,,,,
CQ500-CT-236,Detected Study Type: CT HEAD WITHOUT CONTRAST Findings: 1. Acute intraparenchymal hemorrhage in the right basal ganglia with surrounding vasogenic edema 2. Mild mass effect on the right lateral ventricle,1,1,0,0,0,0,0,1,0,,,,,,,,,
CQ500-CT-191,"Detected Study Type: CT HEAD WITHOUT CONTRAST Findings: 1. Large area of encephalomalacia involving the left temporal lobe, insula, and left basal ganglia. 2. Extensive periventricular white matter hypoattenuation, likely representing small vessel ischemic disease. 3. Moderate cerebral and cerebellar volume loss.",0,0,0,0,0,0,0,0,0,,,,,,,,,
CQ500-CT-453,Detected Study Type: CT HEAD WITHOUT CONTRAST Findings: 1. Study is unremarkable.,0,0,0,0,0,0,0,0,0,,,,,,,,,
CQ500-CT-456,"Detected Study Type: CT HEAD WITHOUT CONTRAST, CT CERVICAL SPINE WITHOUT CONTRAST Findings: 1. Left frontal lobe encephalomalacia with ex vacuo dilatation of the frontal horn of the left lateral ventricle 2. Small right frontal subdural hematoma without significant mass effect 3. Mild degenerative changes of the cervical spine at C5-6 and C6-7 levels",1,0,0,0,0,1,0,0,0,,,,,,,,,
CQ500-CT-63,Detected Study Type: CT HEAD WITHOUT CONTRAST Findings: 1. Study is unremarkable,0,0,0,0,0,0,0,0,0,,,,,,,,,
CQ500-CT-86,Detected Study Type: CT HEAD WITHOUT CONTRAST Findings: 1. Mixed attenuation subdural hematoma along the right cerebral convexity 2. Mass effect on the right cerebral hemisphere with sulcal effacement 3. Leftward midline shift 4. Effacement of the right lateral ventricle,1,0,0,0,0,1,0,1,1,,,,,,,,,
CQ500-CT-15,Detected Study Type: CT HEAD WITHOUT CONTRAST Findings: 1. Acute intraparenchymal hemorrhage in the right temporal lobe with surrounding vasogenic edema 2. Mild mass effect on the right lateral ventricle,1,1,0,0,0,0,0,1,0,,,,,,,,,
CQ500-CT-21,Detected Study Type: CT HEAD WITHOUT CONTRAST Findings: 1. Study is unremarkable.,0,0,0,0,0,0,0,0,0,,,,,,,,,
CQ500-CT-202,"Detected Study Type: CT HEAD WITHOUT CONTRAST Findings: 1. Diffuse subarachnoid hemorrhage in the suprasellar cistern, bilateral sylvian fissures, and interhemispheric fissure. 2. Intraventricular hemorrhage layering within the occipital horns of the lateral ventricles.",1,0,1,0,1,0,0,0,0,,,,,,,,,
CQ500-CT-338,Detected Study Type: CT HEAD WITHOUT CONTRAST Findings: 1. Hemorrhage within the pons 2. Surrounding vasogenic edema 3. Mild mass effect on the fourth ventricle,1,1,0,0,0,0,0,1,0,,,,,,,,,
CQ500-CT-436,Detected Study Type: CT HEAD WITHOUT CONTRAST Findings: 1. Extra-axial fluid collection overlying the right frontal lobe consistent with an arachnoid cyst. 2. Mild mass effect on the underlying brain parenchyma without midline shift. 3. Near complete opacification of the visualized paranasal sinuses.,0,0,0,0,0,0,0,1,0,,,,,,,,,
CQ500-CT-207,Detected Study Type: CT HEAD WITHOUT CONTRAST Findings: 1. Large intraparenchymal hemorrhage in the left parietal lobe with surrounding vasogenic edema 2. Mass effect on the left lateral ventricle 3. Midline shift to the right,1,1,0,0,0,0,0,1,1,,,,,,,,,
CQ500-CT-474,Detected Study Type: CT HEAD WITHOUT CONTRAST Findings: 1. Encephalomalacia involving the left frontal and temporal lobes,0,0,0,0,0,0,0,0,0,,,,,,,,,
CQ500-CT-281,"Detected Study Type: CT HEAD WITHOUT CONTRAST Findings: 1. Diffuse symmetric brain parenchymal volume loss, greater along the frontal and parietal lobes, with compensatory dilatation of the lateral and third ventricles. 2. Bilateral periventricular and deep white matter patchy and confluent hypodensities, likely chronic microangiopathic disease. 3. Right basal ganglia lacunar infarct. 4. Intracranial atherosclerosis along the carotid siphons bilaterally.",0,0,0,0,0,0,0,0,0,,,,,,,,,
CQ500-CT-156,Detected Study Type: CT HEAD WITHOUT CONTRAST Findings: 1. Study is unremarkable.,0,0,0,0,0,0,0,0,0,,,,,,,,,
CQ500-CT-188,Detected Study Type: CT HEAD WITHOUT CONTRAST Findings: 1. Large intraparenchymal hemorrhage in the left frontal lobe with surrounding vasogenic edema and mass effect 2. Midline shift to the right 3. Effacement of the left lateral ventricle 4. Subfalcine herniation to the right,1,1,0,0,0,0,0,1,1,,,,,,,,,
CQ500-CT-132,Detected Study Type: CT HEAD WITHOUT CONTRAST Findings: 1. Complete opacification of the right maxillary sinus,0,0,0,0,0,0,0,0,0,,,,,,,,,
CQ500-CT-379,Detected Study Type: CT HEAD WITHOUT CONTRAST Findings: 1. Large right subdural hematoma 2. Midline shift to the left 3. Effacement of the right lateral ventricle,1,0,0,0,0,1,0,1,1,,,,,,,,,
CQ500-CT-130,Detected Study Type: CT HEAD WITHOUT CONTRAST Findings: 1. Study is unremarkable.,0,0,0,0,0,0,0,0,0,,,,,,,,,
CQ500-CT-320,"Detected Study Type: CT HEAD WITHOUT CONTRAST Findings: 1. Diffuse symmetric brain parenchymal volume loss, greater along the frontal and parietal lobes, with compensatory dilatation of the lateral and third ventricles. 2. Bilateral periventricular and deep white matter patchy and confluent hypodensities, likely chronic microangiopathic disease. 3. Intracranial atherosclerosis.",0,0,0,0,0,0,0,0,0,,,,,,,,,
CQ500-CT-365,Detected Study Type: FDG PET TUMOR Findings: 1. Study is unremarkable.,0,0,0,0,0,0,0,0,0,,,,,,,,,
CQ500-CT-417,Detected Study Type: CT HEAD WITHOUT CONTRAST Findings: 1. Left frontal lobe intraparenchymal hemorrhage with surrounding vasogenic edema causing mass effect and rightward midline shift 2. Small amount of subarachnoid hemorrhage in the left frontal lobe sulci 3. Intraventricular hemorrhage layering within the occipital horns of the lateral ventricles,1,1,1,0,1,0,0,1,1,,,,,,,,,
CQ500-CT-98,Detected Study Type: CT HEAD WITHOUT CONTRAST Findings: 1. Study is unremarkable,0,0,0,0,0,0,0,0,0,,,,,,,,,
CQ500-CT-93,Detected Study Type: CT HEAD WITHOUT CONTRAST Findings: 1. Study is unremarkable.,0,0,0,0,0,0,0,0,0,,,,,,,,,
CQ500-CT-405,Detected Study Type: CT HEAD WITHOUT CONTRAST Findings: 1. Study is unremarkable,0,0,0,0,0,0,0,0,0,,,,,,,,,
CQ500-CT-28,Detected Study Type: CT HEAD WITHOUT CONTRAST Findings: 1. Study is unremarkable,0,0,0,0,0,0,0,0,0,,,,,,,,,
CQ500-CT-268,"Detected Study Type: CT HEAD, MAXILLOFACIAL, AND CERVICAL SPINE WITHOUT CONTRAST Findings: 1. Scattered periventricular and deep cortical white matter areas of low attenuation, likely representing sequelae of chronic microangiopathy. 2. Mild cerebral volume loss. 3. Intracranial vascular calcifications. 4. Right periorbital soft tissue swelling and hematoma. 5. Comminuted fracture of the right lamina papyracea with herniation of intraorbital fat into the right ethmoid air cells. 6. Hemorrhage layering within the right maxillary sinus. 7. Nondisplaced fracture of the posterolateral wall of the right sphenoid sinus. 8. Minimally displaced fracture of the posterior aspect of the right zygomatic arch.",0,0,0,0,0,0,1,0,0,,,,,,,,,
CQ500-CT-329,Detected Study Type: CT HEAD WITHOUT CONTRAST Findings: 1. Complete opacification of the right maxillary sinus,0,0,0,0,0,0,0,0,0,,,,,,,,,
CQ500-CT-355,Detected Study Type: CT HEAD WITHOUT CONTRAST Findings: 1. Large intraparenchymal hemorrhage in the right frontal lobe with surrounding edema and mild mass effect on the anterior horn of the right lateral ventricle. 2. Small amount of subarachnoid hemorrhage along the anterior interhemispheric fissure. 3. Small subdural hematoma along the anterior aspect of the falx cerebri. 4. Nondisplaced fracture of the right frontal bone extending into the roof of the right orbit.,1,1,0,0,1,1,1,1,0,,,,,,,,,
CQ500-CT-266,Detected Study Type: CT HEAD WITHOUT CONTRAST Findings: 1. Large intraparenchymal hemorrhage in the right parietal lobe with surrounding vasogenic edema 2. Mass effect on the right lateral ventricle 3. Midline shift to the left,1,1,0,0,0,0,0,1,1,,,,,,,,,
CQ500-CT-439,Detected Study Type: CT HEAD WITHOUT CONTRAST Findings: 1. Study is unremarkable,0,0,0,0,0,0,0,0,0,,,,,,,,,
CQ500-CT-345,Detected Study Type: CT HEAD WITHOUT CONTRAST Findings: 1. Study is unremarkable.,0,0,0,0,0,0,0,0,0,,,,,,,,,
CQ500-CT-198,"Detected Study Type: CT HEAD WITHOUT CONTRAST Findings: 1. Lacunar infarct in the right basal ganglia 2. Patchy areas of low attenuation in the periventricular and deep white matter of both cerebral hemispheres, likely sequelae of small vessel ischemia 3. Opacification of the right mastoid air cells and middle ear cavity",0,0,0,0,0,0,0,0,0,,,,,,,,,
CQ500-CT-472,Detected Study Type: CT HEAD WITHOUT CONTRAST Findings: 1. Study is unremarkable.,0,0,0,0,0,0,0,0,0,,,,,,,,,
CQ500-CT-43,"Detected Study Type: CT HEAD AND CERVICAL SPINE WITHOUT CONTRAST Findings: 1. Extensive subarachnoid hemorrhage in the suprasellar cistern, bilateral sylvian fissures, interhemispheric fissure, and basal cisterns. 2. Intraventricular hemorrhage within the lateral, third, and fourth ventricles. 3. Mild dilatation of the lateral ventricles.",1,0,1,0,1,0,0,0,0,,,,,,,,,
CQ500-CT-146,Detected Study Type: CT HEAD WITHOUT CONTRAST Findings: 1. Study is unremarkable.,0,0,0,0,0,0,0,0,0,,,,,,,,,
CQ500-CT-387,Detected Study Type: CT HEAD WITHOUT CONTRAST Findings: 1. Study is unremarkable,0,0,0,0,0,0,0,0,0,,,,,,,,,
CQ500-CT-159,"Detected Study Type: CT HEAD WITHOUT CONTRAST Findings: 1. Acute subarachnoid hemorrhage within the left ambient cistern, left sylvian fissure, and interpeduncular cistern. 2. Acute subdural hematoma along the posterior falx and left tentorium cerebelli. 3. Mild mass effect on the left cerebellar hemisphere without significant midline shift. 4. Scattered periventricular and subcortical white matter hypoattenuation likely representing chronic small vessel ischemic disease. 5. Atherosclerotic calcifications of the intracranial vasculature.",1,0,0,0,1,1,0,1,0,,,,,,,,,
CQ500-CT-158,Detected Study Type: CT HEAD WITHOUT CONTRAST Findings: 1. Study is unremarkable.,0,0,0,0,0,0,0,0,0,,,,,,,,,
CQ500-CT-352,Detected Study Type: CT HEAD WITHOUT CONTRAST Findings: 1. Large area of encephalomalacia in the right frontal lobe with ex vacuo dilatation of the frontal horn of the right lateral ventricle. 2. Mild mucosal thickening in the left maxillary sinus.,0,0,0,0,0,0,0,0,0,,,,,,,,,
CQ500-CT-316,Detected Study Type: CT HEAD WITHOUT CONTRAST Findings: 1. Study is unremarkable.,0,0,0,0,0,0,0,0,0,,,,,,,,,
CQ500-CT-10,Detected Study Type: CT HEAD WITHOUT CONTRAST Findings: 1. Acute intraparenchymal hemorrhage in the left thalamus with surrounding vasogenic edema 2. Intraventricular extension of hemorrhage into the left lateral ventricle and third ventricle 3. Mild dilatation of the lateral and third ventricles,1,1,1,0,0,0,0,0,0,,,,,,,,,
CQ500-CT-318,"Detected Study Type: CT HEAD WITHOUT CONTRAST, CT MAXILLOFACIAL BONES WITHOUT CONTRAST Findings: 1. Left subdural fluid collection with mild mass effect on the left cerebral hemisphere and rightward midline shift. 2. Mild periventricular white matter changes likely due to small vessel ischemic disease. 3. Complete opacification of the left maxillary sinus with thickening of the sinus walls consistent with chronic sinusitis.",1,0,0,0,0,1,0,1,1,,,,,,,,,
CQ500-CT-19,"Detected Study Type: CT HEAD WITHOUT CONTRAST Findings: 1. Extensive subarachnoid hemorrhage involving the basal cisterns, sylvian fissures, and anterior interhemispheric fissure. 2. Intraventricular hemorrhage within the lateral ventricles, third ventricle, and fourth ventricle. 3. Mild dilatation of the lateral and third ventricles.",1,0,1,0,1,0,0,0,0,,,,,,,,,
CQ500-CT-36,Detected Study Type: CT HEAD WITHOUT CONTRAST Findings: 1. Study is unremarkable,0,0,0,0,0,0,0,0,0,,,,,,,,,
CQ500-CT-206,Detected Study Type: CT PARANASAL SINUSES WITHOUT CONTRAST Findings: 1. Mild mucosal thickening in the maxillary sinuses bilaterally 2. Mucosal thickening and partial opacification of the anterior ethmoid air cells on the left,0,0,0,0,0,0,0,0,0,,,,,,,,,
CQ500-CT-243,Detected Study Type: CT HEAD WITHOUT AND WITH CONTRAST Findings: 1. Large left-sided subdural hematoma with mass effect and midline shift 2. Effacement of the left lateral ventricle,1,0,0,0,0,1,0,1,1,,,,,,,,,
CQ500-CT-339,Detected Study Type: CT HEAD WITHOUT CONTRAST Findings: 1. Study is unremarkable.,0,0,0,0,0,0,0,0,0,,,,,,,,,
CQ500-CT-437,Detected Study Type: CT HEAD WITHOUT CONTRAST Findings: 1. Study is unremarkable.,0,0,0,0,0,0,0,0,0,,,,,,,,,
CQ500-CT-247,Detected Study Type: CT HEAD WITHOUT CONTRAST Findings: 1. Study is unremarkable,0,0,0,0,0,0,0,0,0,,,,,,,,,
CQ500-CT-433,Detected Study Type: CT HEAD WITHOUT CONTRAST Findings: 1. Study is unremarkable.,0,0,0,0,0,0,0,0,0,,,,,,,,,
CQ500-CT-484,Detected Study Type: CT HEAD WITHOUT CONTRAST Findings: 1. Study is unremarkable,0,0,0,0,0,0,0,0,0,,,,,,,,,
CQ500-CT-395,Detected Study Type: CT HEAD WITHOUT CONTRAST Findings: 1. Study is unremarkable,0,0,0,0,0,0,0,0,0,,,,,,,,,
CQ500-CT-445,Detected Study Type: CT HEAD WITHOUT CONTRAST Findings: 1. Large superficial soft tissue hematoma overlying the left frontoparietal region,0,0,0,0,0,0,0,0,0,,,,,,,,,
CQ500-CT-323,Detected Study Type: CT HEAD WITHOUT CONTRAST Findings: 1. Area of encephalomalacia involving the posterior limb of the left internal capsule and left corona radiata,0,0,0,0,0,0,0,0,0,,,,,,,,,
CQ500-CT-9,Detected Study Type: CT HEAD WITHOUT CONTRAST Findings: 1. Study is unremarkable.,0,0,0,0,0,0,0,0,0,,,,,,,,,
CQ500-CT-321,"Detected Study Type: CT OFC BRAIN, CT OFC MAXILLOFACIAL Findings: 1. Left frontal scalp hematoma 2. Left basal ganglia infarct with encephalomalacia and mild ex vacuo dilatation of the left lateral ventricle",0,0,0,0,0,0,0,0,0,,,,,,,,,
CQ500-CT-278,Detected Study Type: CT HEAD WITHOUT CONTRAST Findings: 1. Study is unremarkable.,0,0,0,0,0,0,0,0,0,,,,,,,,,
CQ500-CT-332,Detected Study Type: CT HEAD WITHOUT CONTRAST Findings: 1. Study is unremarkable.,0,0,0,0,0,0,0,0,0,,,,,,,,,
CQ500-CT-372,Detected Study Type: CT HEAD WITHOUT CONTRAST Findings: 1. Large geographic area of low-attenuation changes in the right frontoparietal region consistent with subacute infarction in the right middle cerebral artery territory. 2. Mild mass effect on the right lateral ventricle without midline shift.,0,0,0,0,0,0,0,1,0,,,,,,,,,
CQ500-CT-396,"Detected Study Type: CT HEAD WITHOUT CONTRAST Findings: 1. Large areas of cystic encephalomalacia in the right cerebellar hemisphere, right occipital lobe, and left parietal lobe consistent with remote infarcts. 2. Extensive white matter hypoattenuation in the left frontal, parietal, and temporal lobes consistent with evolving left MCA territory infarct. 3. Effacement of the left lateral ventricle and rightward midline shift due to mass effect from the left MCA infarct.",0,0,0,0,0,0,0,1,1,,,,,,,,,
CQ500-CT-303,Detected Study Type: CT HEAD WITHOUT CONTRAST Findings: 1. Study is unremarkable.,0,0,0,0,0,0,0,0,0,,,,,,,,,
CQ500-CT-1,"Detected Study Type: CT HEAD WITHOUT CONTRAST Findings: 1. Large intraparenchymal hemorrhage in the right frontoparietal region with surrounding vasogenic edema 2. Intraventricular extension of hemorrhage into the lateral, third, and fourth ventricles 3. Significant mass effect with midline shift from right to left 4. Dilatation of the ventricular system indicating hydrocephalus",1,1,1,0,0,0,0,1,1,,,,,,,,,
CQ500-CT-325,Detected Study Type: CT HEAD WITHOUT CONTRAST Findings: 1. Study is unremarkable.,0,0,0,0,0,0,0,0,0,,,,,,,,,
CQ500-CT-448,Detected Study Type: CT HEAD WITHOUT CONTRAST Findings: 1. Study is unremarkable.,0,0,0,0,0,0,0,0,0,,,,,,,,,
CQ500-CT-163,Detected Study Type: CT HEAD WITHOUT CONTRAST Findings: 1. Study is unremarkable,0,0,0,0,0,0,0,0,0,,,,,,,,,
CQ500-CT-473,"Detected Study Type: CT HEAD WITHOUT CONTRAST Findings: 1. Large intraparenchymal hemorrhage in the right parietal lobe 2. Extensive surrounding vasogenic edema 3. Intraventricular hemorrhage extending into the lateral, third, and fourth ventricles 4. Significant mass effect with midline shift from right to left 5. Subfalcine and uncal herniation 6. Effacement of the basilar cisterns",1,1,1,0,0,0,0,1,1,,,,,,,,,
CQ500-CT-100,Detected Study Type: CT HEAD WITHOUT CONTRAST Findings: 1. Study is unremarkable.,0,0,0,0,0,0,0,0,0,,,,,,,,,
CQ500-CT-54,Detected Study Type: CT HEAD WITHOUT CONTRAST Findings: 1. Scattered periventricular and deep cortical white matter areas likely representing sequelae of chronic microangiopathy. 2. Mild cerebral volume loss. 3. Intracranial vascular calcifications.,0,0,0,0,0,0,0,0,0,,,,,,,,,
CQ500-CT-314,Detected Study Type: CT HEAD WITHOUT CONTRAST Findings: 1. Acute intraparenchymal hemorrhage in the left basal ganglia 2. Surrounding vasogenic edema 3. Mild mass effect on the left lateral ventricle,1,1,0,0,0,0,0,1,0,,,,,,,,,
CQ500-CT-251,Detected Study Type: CT HEAD WITHOUT CONTRAST Findings: 1. Large intraparenchymal hemorrhage in the left frontal lobe with surrounding edema 2. Mass effect on the left lateral ventricle 3. Midline shift to the right 4. Subfalcine herniation to the right,1,1,0,0,0,0,0,1,1,,,,,,,,,
CQ500-CT-58,"Detected Study Type: CT HEAD WITHOUT CONTRAST Findings: 1. Mild cerebral and cerebellar volume loss 2. Mild enlargement of the ventricles, sulci, and subarachnoid spaces 3. Right periorbital soft tissue swelling",0,0,0,0,0,0,0,0,0,,,,,,,,,
CQ500-CT-16,Detected Study Type: CT HEAD WITHOUT CONTRAST Findings: 1. Study is unremarkable.,0,0,0,0,0,0,0,0,0,,,,,,,,,
CQ500-CT-360,Detected Study Type: CT HEAD WITHOUT CONTRAST Findings: 1. Extensive periventricular and subcortical white matter hypoattenuation consistent with chronic small vessel ischemic disease. 2. Bilateral basal ganglia calcifications.,0,0,0,0,0,0,0,0,0,,,,,,,,,
CQ500-CT-77,Detected Study Type: CT HEAD WITHOUT CONTRAST Findings: 1. Study is unremarkable.,0,0,0,0,0,0,0,0,0,,,,,,,,,
CQ500-CT-169,Detected Study Type: CT HEAD WITHOUT CONTRAST Findings: 1. Study is unremarkable,0,0,0,0,0,0,0,0,0,,,,,,,,,
CQ500-CT-348,Detected Study Type: CT HEAD WITHOUT CONTRAST AND CT ANGIOGRAM OF THE HEAD Findings: 1. Heterogeneously enhancing mass in the anterior cranial fossa with surrounding vasogenic edema and mass effect on the frontal horns of the lateral ventricles. 2. Mild dilatation of the lateral and third ventricles with transependymal CSF flow indicating early hydrocephalus. 3. Hypoplastic A1 segment of the right anterior cerebral artery.,0,0,0,0,0,0,0,1,0,,,,,,,,,
CQ500-CT-75,Detected Study Type: CT HEAD WITHOUT CONTRAST Findings: 1. Large intraparenchymal hemorrhage in the right parietal lobe 2. Surrounding vasogenic edema 3. Midline shift to the left 4. Effacement of the right lateral ventricle,1,1,0,0,0,0,0,1,1,,,,,,,,,
CQ500-CT-301,"Detected Study Type: CT HEAD WITHOUT CONTRAST Findings: 1. Patchy areas of low-attenuation involving the right basal ganglia, right thalamus, right cerebral peduncle, and periventricular white matter of the right temporal and parietal lobes. 2. Mild ex vacuo dilatation of the right lateral ventricle. 3. Opacification of the bilateral mastoid air cells.",0,0,0,0,0,0,0,0,0,,,,,,,,,
CQ500-CT-196,"Detected Study Type: CT HEAD WITHOUT CONTRAST Findings: 1. Acute hemorrhage in the left thalamus with surrounding vasogenic edema 2. Mild mass effect on the third ventricle without hydrocephalus 3. Encephalomalacia in the right occipital lobe 4. Patchy and confluent areas of hypoattenuation throughout the supratentorial white matter, likely related to chronic microvascular disease",1,1,0,0,0,0,0,1,0,,,,,,,,,
