flag_rate,sensitivity
0.0,0.0
0.0021,0.0049
0.0042,0.0097
0.0064,0.0146
0.0085,0.0194
0.0106,0.0243
0.0127,0.0291
0.0148,0.034
0.0169,0.0388
0.0191,0.0437
0.0212,0.0485
0.0233,0.0534
0.0254,0.0583
0.0275,0.0631
0.0297,0.068
0.0318,0.0728
0.0339,0.0777
0.036,0.0825
0.0381,0.0874
0.0403,0.0922
0.0424,0.0971
0.0445,0.1019
0.0466,0.1068
0.0487,0.1117
0.0508,0.1165
0.053,0.1214
0.0551,0.1262
0.0572,0.1311
0.0593,0.1359
0.0614,0.1408
0.0636,0.1456
0.0657,0.1505
0.0678,0.1553
0.0699,0.1602
0.072,0.165
0.0742,0.1699
0.0763,0.1748
0.0784,0.1796
0.0805,0.1845
0.0826,0.1893
0.0847,0.1942
0.0869,0.199
0.089,0.2039
0.0911,0.2087
0.0932,0.2136
0.0953,0.2184
0.0975,0.2233
0.0996,0.2282
0.1017,0.233
0.1038,0.2379
0.1059,0.2427
0.1081,0.2476
0.1102,0.2524
0.1123,0.2573
0.1144,0.2621
0.1165,0.267
0.1186,0.2718
0.1208,0.2767
0.1229,0.2816
0.125,0.2864
0.1271,0.2913
0.1292,0.2961
0.1314,0.301
0.1335,0.3058
0.1356,0.3107
0.1377,0.3155
0.1419,0.3252
0.1441,0.3301
0.1462,0.335
0.1483,0.335
0.1504,0.3398
0.1525,0.3447
0.1547,0.3495
0.1568,0.3544
0.1589,0.3592
0.161,0.3641
0.1631,0.3689
0.1653,0.3738
0.1674,0.3786
0.1695,0.3835
0.1716,0.3883
0.1737,0.3932
0.1758,0.3981
0.178,0.4029
0.1801,0.4078
0.1822,0.4126
0.1843,0.4175
0.1864,0.4175
0.1886,0.4223
0.1907,0.4272
0.1928,0.432
0.1949,0.4369
0.197,0.4417
0.1992,0.4466
0.2013,0.4515
0.2034,0.4563
0.2055,0.4612
0.2076,0.466
0.2097,0.4709
0.2119,0.4757
0.214,0.4806
0.2161,0.4854
0.2182,0.4903
0.2203,0.4951
0.2225,0.5
0.2246,0.5049
0.2267,0.5049
0.2288,0.5097
0.2309,0.5146
0.2331,0.5194
0.2352,0.5243
0.2373,0.5243
0.2394,0.5291
0.2415,0.534
0.2436,0.5388
0.2458,0.5437
0.2479,0.5485
0.25,0.5534
0.2521,0.5534
0.2542,0.5583
0.2564,0.5631
0.2585,0.568
0.2606,0.5728
0.2627,0.5777
0.2648,0.5825
0.2669,0.5874
0.2691,0.5922
0.2712,0.5922
0.2733,0.5971
0.2754,0.6019
0.2775,0.6068
0.2797,0.6117
0.2818,0.6165
0.2839,0.6214
0.286,0.6262
0.2881,0.6311
0.2903,0.6359
0.2924,0.6408
0.2945,0.6408
0.2966,0.6456
0.2987,0.6505
0.3008,0.6553
0.303,0.6602
0.3051,0.665
0.3072,0.6699
0.3093,0.6748
0.3114,0.6796
0.3136,0.6845
0.3157,0.6893
0.3178,0.6942
0.3199,0.699
0.322,0.7039
0.3242,0.7039
0.3263,0.7039
0.3284,0.7087
0.3305,0.7087
0.3326,0.7136
0.3347,0.7184
0.3369,0.7233
0.339,0.7282
0.3411,0.733
0.3432,0.7379
0.3453,0.7379
0.3475,0.7427
0.3496,0.7476
0.3517,0.7524
0.3538,0.7573
0.3559,0.7621
0.3581,0.767
0.3602,0.7718
0.3623,0.7767
0.3644,0.7767
0.3665,0.7816
0.3686,0.7864
0.3708,0.7913
0.3729,0.7961
0.375,0.801
0.3771,0.801
0.3792,0.801
0.3814,0.801
0.3835,0.8058
0.3856,0.8107
0.3877,0.8155
0.3898,0.8204
0.3919,0.8204
0.3941,0.8204
0.3962,0.8252
0.3983,0.8252
0.4004,0.8301
0.4025,0.835
0.4047,0.835
0.4068,0.8398
0.4089,0.8447
0.411,0.8447
0.4131,0.8447
0.4153,0.8495
0.4174,0.8544
0.4195,0.8592
0.4216,0.8641
0.4237,0.8641
0.4258,0.8641
0.428,0.8689
0.4301,0.8738
0.4322,0.8738
0.4343,0.8738
0.4364,0.8738
0.4386,0.8786
0.4407,0.8786
0.4428,0.8835
0.4449,0.8883
0.447,0.8883
0.4492,0.8932
0.4513,0.8981
0.4534,0.8981
0.4555,0.8981
0.4576,0.9029
0.4597,0.9029
0.4619,0.9029
0.464,0.9029
0.4661,0.9029
0.4682,0.9029
0.4703,0.9029
0.4725,0.9029
0.4746,0.9029
0.4767,0.9029
0.4788,0.9029
0.4809,0.9078
0.4831,0.9126
0.4852,0.9175
0.4873,0.9175
0.4894,0.9223
0.4915,0.9223
0.4936,0.9223
0.4958,0.9223
0.4979,0.9223
0.5,0.9223
0.5021,0.9223
0.5042,0.9223
0.5064,0.9223
0.5085,0.9223
0.5106,0.9272
0.5127,0.9272
0.5148,0.9272
0.5169,0.932
0.5191,0.932
0.5212,0.932
0.5233,0.9369
0.5254,0.9369
0.5275,0.9369
0.5297,0.9369
0.5318,0.9369
0.5339,0.9369
0.536,0.9369
0.5381,0.9369
0.5403,0.9369
0.5424,0.9369
0.5445,0.9369
0.5466,0.9369
0.5487,0.9417
0.5508,0.9417
0.553,0.9466
0.5551,0.9466
0.5572,0.9466
0.5593,0.9466
0.5614,0.9466
0.5636,0.9466
0.5657,0.9515
0.5678,0.9515
0.5699,0.9515
0.572,0.9515
0.5742,0.9563
0.5763,0.9563
0.5784,0.9563
0.5805,0.9563
0.5826,0.9612
0.5847,0.9612
0.5869,0.9612
0.589,0.966
0.5911,0.966
0.5932,0.966
0.5953,0.966
0.5975,0.966
0.5996,0.966
0.6017,0.966
0.6038,0.966
0.6059,0.966
0.6081,0.966
0.6102,0.966
0.6123,0.966
0.6144,0.966
0.6165,0.966
0.6186,0.966
0.6208,0.966
0.6229,0.966
0.625,0.966
0.6271,0.966
0.6292,0.966
0.6314,0.966
0.6335,0.966
0.6356,0.966
0.6377,0.966
0.6398,0.966
0.6419,0.966
0.6441,0.966
0.6462,0.966
0.6483,0.966
0.6504,0.9709
0.6525,0.9757
0.6547,0.9757
0.6568,0.9757
0.6589,0.9757
0.661,0.9757
0.6631,0.9757
0.6653,0.9757
0.6674,0.9757
0.6695,0.9757
0.6716,0.9757
0.6737,0.9757
0.6758,0.9757
0.678,0.9757
0.6801,0.9757
0.6822,0.9757
0.6843,0.9757
0.6864,0.9757
0.6886,0.9757
0.6907,0.9757
0.6928,0.9757
0.6949,0.9757
0.697,0.9757
0.6992,0.9757
0.7013,0.9806
0.7034,0.9806
0.7055,0.9806
0.7076,0.9806
0.7097,0.9806
0.7119,0.9806
0.714,0.9806
0.7161,0.9806
0.7182,0.9806
0.7203,0.9806
0.7225,0.9806
0.7246,0.9806
0.7267,0.9806
0.7288,0.9854
0.7309,0.9854
0.7331,0.9854
0.7352,0.9854
0.7373,0.9854
0.7394,0.9854
0.7415,0.9854
0.7436,0.9854
0.7458,0.9854
0.7479,0.9854
0.75,0.9854
0.7521,0.9854
0.7542,0.9854
0.7564,0.9854
0.7585,0.9854
0.7606,0.9854
0.7627,0.9854
0.7648,0.9854
0.7669,0.9854
0.7691,0.9854
0.7712,0.9854
0.7733,0.9854
0.7754,0.9854
0.7775,0.9854
0.7797,0.9854
0.7818,0.9854
0.7839,0.9854
0.786,0.9854
0.7881,0.9854
0.7903,0.9854
0.7924,0.9854
0.7945,0.9854
0.7966,0.9903
0.7987,0.9903
0.8008,0.9903
0.803,0.9903
0.8051,0.9903
0.8072,0.9903
0.8093,0.9903
0.8114,0.9903
0.8136,0.9903
0.8157,0.9903
0.8178,0.9903
0.8199,0.9903
0.822,0.9903
0.8242,0.9903
0.8263,0.9903
0.8284,0.9903
0.8305,0.9903
0.8326,0.9903
0.8347,0.9903
0.8369,0.9903
0.839,0.9903
0.8411,0.9903
0.8432,0.9903
0.8453,0.9951
0.8475,0.9951
0.8496,0.9951
0.8517,0.9951
0.8538,0.9951
0.8559,0.9951
0.8581,0.9951
0.8602,0.9951
0.8623,0.9951
0.8644,0.9951
0.8665,0.9951
0.8686,0.9951
0.8708,0.9951
0.8729,0.9951
0.875,0.9951
0.8771,0.9951
0.8792,0.9951
0.8814,0.9951
0.8835,0.9951
0.8856,0.9951
0.8877,0.9951
0.8898,0.9951
0.8919,0.9951
0.8941,0.9951
0.8962,0.9951
0.8983,0.9951
0.9004,0.9951
0.9025,0.9951
0.9047,0.9951
0.9068,0.9951
0.9089,0.9951
0.911,0.9951
0.9131,0.9951
0.9153,0.9951
0.9174,0.9951
0.9195,0.9951
0.9216,0.9951
0.9237,0.9951
0.9258,0.9951
0.928,0.9951
0.9301,0.9951
0.9322,0.9951
0.9343,0.9951
0.9364,0.9951
0.9386,0.9951
0.9407,0.9951
0.9428,0.9951
0.9449,0.9951
0.947,0.9951
0.9492,0.9951
0.9513,0.9951
0.9534,0.9951
0.9555,0.9951
0.9576,0.9951
0.9597,0.9951
0.9619,0.9951
0.964,0.9951
0.9661,0.9951
0.9682,0.9951
0.9703,0.9951
0.9725,0.9951
0.9746,0.9951
0.9767,0.9951
0.9788,0.9951
0.9809,0.9951
0.9831,0.9951
0.9852,0.9951
0.9873,1.0
0.9894,1.0
0.9915,1.0
0.9936,1.0
0.9958,1.0
0.9979,1.0
1.0,1.0
