study,score,reasoning,flagged
CQ500-CT-412,0.9952,True,True
CQ500-CT-423,0.395,False,False
CQ500-CT-211,0.9469,False,False
CQ500-CT-18,0.2415,False,False
CQ500-CT-316,0.6322,False,False
CQ500-CT-400,0.9606,False,False
CQ500-CT-419,0.999,False,True
CQ500-CT-139,0.7151,False,False
CQ500-CT-430,0.9284,False,False
CQ500-CT-268,0.6046,False,False
CQ500-CT-143,0.9018,False,False
CQ500-CT-237,0.9638,False,False
CQ500-CT-254,0.2488,False,False
CQ500-CT-432,0.7877,False,False
CQ500-CT-118,0.0988,False,False
CQ500-CT-16,0.477,False,False
CQ500-CT-35,0.7702,False,True
CQ500-CT-28,0.9797,False,True
CQ500-CT-303,0.9991,False,True
CQ500-CT-474,0.8734,False,False
CQ500-CT-404,0.9786,False,True
CQ500-CT-362,0.7021,False,False
CQ500-CT-121,0.9819,False,True
CQ500-CT-381,0.9612,False,False
CQ500-CT-190,0.9979,True,True
CQ500-CT-102,0.8038,False,False
CQ500-CT-66,0.9302,False,False
CQ500-CT-215,0.4863,False,False
CQ500-CT-385,0.3163,False,False
CQ500-CT-203,0.992,False,True
CQ500-CT-14,0.2253,False,False
CQ500-CT-415,0.9628,False,False
CQ500-CT-147,0.8204,False,False
CQ500-CT-247,0.9667,False,True
CQ500-CT-455,0.9973,False,True
CQ500-CT-328,0.8148,False,False
CQ500-CT-239,0.9982,True,True
CQ500-CT-330,0.9246,False,False
CQ500-CT-128,0.7418,False,False
CQ500-CT-186,0.9634,True,False
CQ500-CT-278,0.9007,False,False
CQ500-CT-208,0.9684,False,False
CQ500-CT-137,0.8336,False,False
CQ500-CT-12,0.9195,False,True
CQ500-CT-238,0.9946,True,True
CQ500-CT-384,0.7789,False,False
CQ500-CT-248,0.7096,False,False
CQ500-CT-241,0.9917,False,True
CQ500-CT-250,0.294,False,False
CQ500-CT-436,0.7861,False,False
CQ500-CT-382,0.3503,False,False
CQ500-CT-106,0.9772,False,True
CQ500-CT-258,0.5585,False,False
CQ500-CT-352,0.9152,False,False
CQ500-CT-144,0.9856,False,True
